{
  "run": "run_Bp_v8m_aug_lr1e-3",
  "model": "yolov8m.pt",
  "data": "AI生成文件/feat005_training/configs/data_aug.yaml",
  "lr": 0.001,
  "epochs": 100,
  "batch": 32,
  "imgsz": 640,
  "train_time_min": 105.04,
  "test_mAP50": 0.6528190777798804,
  "test_mAP50_95": 0.4324213366829611,
  "test_precision": 0.7918591413714526,
  "test_recall": 0.5822342729867358,
  "test_fps_single": 135.74,
  "per_class_AP50": {
    "0": 0.6822372129696477,
    "1": 0.7885013840979854,
    "2": 0.5551810080365349,
    "3": 0.6566432003003931,
    "4": 0.5043546976084159,
    "5": 0.5798222524793928,
    "6": 0.802993788966793
  }
}