{
  "run": "run_Fp_v8m_aug_lr1e-4",
  "model": "yolov8m.pt",
  "data": "AI生成文件/feat005_training/configs/data_aug.yaml",
  "lr": 0.0001,
  "epochs": 100,
  "batch": 32,
  "imgsz": 640,
  "train_time_min": 106.48,
  "test_mAP50": 0.6527625353437738,
  "test_mAP50_95": 0.4330417574060867,
  "test_precision": 0.7807357696524386,
  "test_recall": 0.5779387525432587,
  "test_fps_single": 141.07,
  "per_class_AP50": {
    "0": 0.7061789726293952,
    "1": 0.7766179987984745,
    "2": 0.5485999585306016,
    "3": 0.667436227807225,
    "4": 0.5030877544570946,
    "5": 0.6075836736826726,
    "6": 0.7598331615009526
  }
}