{
  "run": "run_Ep_v8m_aug_lr5e-4",
  "model": "yolov8m.pt",
  "data": "AI生成文件/feat005_training/configs/data_aug.yaml",
  "lr": 0.0005,
  "epochs": 100,
  "batch": 32,
  "imgsz": 640,
  "train_time_min": 82.39,
  "test_mAP50": 0.652745801920725,
  "test_mAP50_95": 0.4320694575150745,
  "test_precision": 0.7644017618627823,
  "test_recall": 0.5943963477027582,
  "test_fps_single": 139.71,
  "per_class_AP50": {
    "0": 0.6996064752419966,
    "1": 0.7804329477503679,
    "2": 0.548751630868203,
    "3": 0.6382254626741408,
    "4": 0.5096806250726655,
    "5": 0.6076920096673226,
    "6": 0.7848314621703778
  }
}